NG,Adamawa,2,NGP001001000000000000,Fufore,NGP001001001000000000,32,158137
NG,Adamawa,2,NGP001001000000000000,Guyuk,NGP001001002000000000,93,70526
NG,Adamawa,2,NGP001001000000000000,Hong,NGP001001003000000000,45,117240
NG,Adamawa,2,NGP001001000000000000,Lamurde,NGP001001004000000000,37,42882
NG,Adamawa,2,NGP001001000000000000,Numan,NGP001001005000000000,97,87568
NG,Adamawa,2,NGP001001000000000000,Michika,NGP001001006000000000,122,117684
NG,Adamawa,2,NGP001001000000000000,Jada,NGP001001007000000000,45,124856
NG,Adamawa,2,NGP001001000000000000,Yola South,NGP001001008000000000,1027,115780
NG,Adamawa,2,NGP001001000000000000,Teungo,NGP001001009000000000,5,26384
NG,Adamawa,2,NGP001001000000000000,Song,NGP001001010000000000,28,120184
NG,Adamawa,2,NGP001001000000000000,Shelleng,NGP001001011000000000,39,52477
NG,Adamawa,2,NGP001001000000000000,Yola North,NGP001001012000000000,198,141926
NG,Adamawa,2,NGP001001000000000000,Gombi,NGP001001013000000000,81,88635
NG,Adamawa,2,NGP001001000000000000,Mubi South,NGP001001014000000000,300,124077
NG,Adamawa,2,NGP001001000000000000,Mubi North,NGP001001015000000000,134,121383
NG,Adamawa,2,NGP001001000000000000,Demsa,NGP001001016000000000,52,95149
NG,Adamawa,2,NGP001001000000000000,Maiha,NGP001001017000000000,65,83192
NG,Adamawa,2,NGP001001000000000000,Mayo-Belwa,NGP001001018000000000,71,125073
NG,Adamawa,2,NGP001001000000000000,Madagali,NGP001001019000000000,110,90159
NG,Adamawa,2,NGP001001000000000000,Girie,NGP001001020000000000,42,78290
NG,Adamawa,2,NGP001001000000000000,Ganye,NGP001001021000000000,64,120451
NG,Taraba,35,NGP001002000000000000,Gassol,NGP001002001000000000,31,170238
NG,Taraba,35,NGP001002000000000000,Takum,NGP001002002000000000,38,95478
NG,Taraba,35,NGP001002000000000000,Gashaka,NGP001002003000000000,6,49765
NG,Taraba,35,NGP001002000000000000,Bali,NGP001002004000000000,16,148723
NG,Taraba,35,NGP001002000000000000,Ardo-Kola,NGP001002005000000000,29,66553
NG,Taraba,35,NGP001002000000000000,Karim Lamido,NGP001002006000000000,20,134268
NG,Taraba,35,NGP001002000000000000,Kurmi,NGP001002007000000000,11,49734
NG,Taraba,35,NGP001002000000000000,Ussa,NGP001002008000000000,35,52374
NG,Taraba,35,NGP001002000000000000,Ibi,NGP001002009000000000,22,58150
NG,Taraba,35,NGP001002000000000000,Zing,NGP001002010000000000,76,78654
NG,Taraba,35,NGP001002000000000000,Lau,NGP001002011000000000,38,63513
NG,Taraba,35,NGP001002000000000000,Jalingo,NGP001002012000000000,388,74108
NG,Taraba,35,NGP001002000000000000,Wukari,NGP001002013000000000,36,157170
NG,Taraba,35,NGP001002000000000000,Donga,NGP001002014000000000,27,84626
NG,Taraba,35,NGP001002000000000000,Yorro,NGP001002015000000000,46,58096
NG,Taraba,35,NGP001002000000000000,Sardauna,NGP001002016000000000,37,170713
NG,Gombe,16,NGP001003000000000000,Kaltungo,NGP001003001000000000,127,112151
NG,Gombe,16,NGP001003000000000000,Funakaye,NGP001003002000000000,89,125671
NG,Gombe,16,NGP001003000000000000,Gombe,NGP001003003000000000,3276,169783
NG,Gombe,16,NGP001003000000000000,Billiri,NGP001003004000000000,118,86557
NG,Gombe,16,NGP001003000000000000,Dukku,NGP001003005000000000,41,156823
NG,Gombe,16,NGP001003000000000000,Yamaltu/Deba,NGP001003006000000000,112,221836
NG,Gombe,16,NGP001003000000000000,Kwami,NGP001003007000000000,66,118779
NG,Gombe,16,NGP001003000000000000,Balanga,NGP001003008000000000,79,129099
NG,Gombe,16,NGP001003000000000000,Shomgom,NGP001003009000000000,68,62972
NG,Gombe,16,NGP001003000000000000,Nafada,NGP001003010000000000,44,69855
NG,Gombe,16,NGP001003000000000000,Akko,NGP001003011000000000,90,235592
NG,Bauchi,5,NGP001004000000000000,Itas/Gadau,NGP001004001000000000,97,135707
NG,Bauchi,5,NGP001004000000000000,Misau,NGP001004002000000000,111,136643
NG,Bauchi,5,NGP001004000000000000,Jama'are,NGP001004003000000000,143,70436
NG,Bauchi,5,NGP001004000000000000,Bauchi,NGP001004004000000000,97,356923
NG,Bauchi,5,NGP001004000000000000,Alkaleri,NGP001004005000000000,30,174861
NG,Bauchi,5,NGP001004000000000000,Darazo,NGP001004006000000000,54,163831
NG,Bauchi,5,NGP001004000000000000,Dass,NGP001004007000000000,94,50281
NG,Bauchi,5,NGP001004000000000000,Zaki,NGP001004008000000000,111,163916
NG,Bauchi,5,NGP001004000000000000,Katagum,NGP001004009000000000,136,195066
NG,Bauchi,5,NGP001004000000000000,Giade,NGP001004010000000000,138,92249
NG,Bauchi,5,NGP001004000000000000,Gamawa,NGP001004011000000000,62,181220
NG,Bauchi,5,NGP001004000000000000,Tafawa-Balewa,NGP001004012000000000,50,126436
NG,Bauchi,5,NGP001004000000000000,Ningi,NGP001004013000000000,48,221143
NG,Bauchi,5,NGP001004000000000000,Damban,NGP001004014000000000,77,82538
NG,Bauchi,5,NGP001004000000000000,Shira,NGP001004015000000000,123,161830
NG,Bauchi,5,NGP001004000000000000,Warji,NGP001004016000000000,94,58850
NG,Bauchi,5,NGP001004000000000000,Ganjuwa,NGP001004017000000000,29,144758
NG,Bauchi,5,NGP001004000000000000,Kirfi,NGP001004018000000000,35,83010
NG,Bauchi,5,NGP001004000000000000,Toro,NGP001004019000000000,30,209253
NG,Bauchi,5,NGP001004000000000000,Bogoro,NGP001004020000000000,59,52936
NG,Yobe,36,NGP001005000000000000,Jakusko,NGP001005001000000000,20,80326
NG,Yobe,36,NGP001005000000000000,Barde,NGP001005002000000000,138,106206
NG,Yobe,36,NGP001005000000000000,Damaturu,NGP001005003000000000,24,57930
NG,Yobe,36,NGP001005000000000000,Nangere,NGP001005004000000000,65,63573
NG,Yobe,36,NGP001005000000000000,Geidam,NGP001005005000000000,20,86991
NG,Yobe,36,NGP001005000000000000,Potiskum,NGP001005006000000000,316,176718
NG,Yobe,36,NGP001005000000000000,Machina,NGP001005007000000000,37,44274
NG,Yobe,36,NGP001005000000000000,Gujba,NGP001005008000000000,24,76510
NG,Yobe,36,NGP001005000000000000,Tarmua,NGP001005009000000000,9,41544
NG,Yobe,36,NGP001005000000000000,Gulani,NGP001005010000000000,33,68959
NG,Yobe,36,NGP001005000000000000,Nguru,NGP001005011000000000,98,89736
NG,Yobe,36,NGP001005000000000000,Fune,NGP001005012000000000,25,124817
NG,Yobe,36,NGP001005000000000000,Fika,NGP001005013000000000,54,118918
NG,Yobe,36,NGP001005000000000000,Borsari,NGP001005014000000000,18,70326
NG,Yobe,36,NGP001005000000000000,Karasuwa,NGP001005015000000000,43,50436
NG,Yobe,36,NGP001005000000000000,Yusufari,NGP001005016000000000,17,66263
NG,Yobe,36,NGP001005000000000000,Yunusari,NGP001005017000000000,20,76160
NG,Borno,8,NGP001006000000000000,Guzamala,NGP001006001000000000,10,25794
NG,Borno,8,NGP001006000000000000,Askira/Uba,NGP001006002000000000,52,123334
NG,Borno,8,NGP001006000000000000,Mobbar,NGP001006003000000000,19,52919
NG,Borno,8,NGP001006000000000000,Monguno,NGP001006004000000000,36,68510
NG,Borno,8,NGP001006000000000000,Nganzai,NGP001006005000000000,13,30861
NG,Borno,8,NGP001006000000000000,Kwaya Kusar,NGP001006006000000000,42,30421
NG,Borno,8,NGP001006000000000000,Kala/Balge,NGP001006007000000000,17,32067
NG,Borno,8,NGP001006000000000000,Gwoza,NGP001006008000000000,51,145868
NG,Borno,8,NGP001006000000000000,Hawul,NGP001006009000000000,41,86964
NG,Borno,8,NGP001006000000000000,Magumeri,NGP001006010000000000,11,53068
NG,Borno,8,NGP001006000000000000,Kukawa,NGP001006011000000000,22,105599
NG,Borno,8,NGP001006000000000000,Shani,NGP001006012000000000,52,66264
NG,Borno,8,NGP001006000000000000,Chibok,NGP001006013000000000,21,28366
NG,Borno,8,NGP001006000000000000,Mafa,NGP001006014000000000,16,45436
NG,Borno,8,NGP001006000000000000,Jere,NGP001006015000000000,220,190638
NG,Borno,8,NGP001006000000000000,Dikwa,NGP001006016000000000,43,75760
NG,Borno,8,NGP001006000000000000,Bayo,NGP001006017000000000,55,52666
NG,Borno,8,NGP001006000000000000,Abadam,NGP001006018000000000,15,58595
NG,Borno,8,NGP001006000000000000,Bama,NGP001006019000000000,39,195377
NG,Borno,8,NGP001006000000000000,Kaga,NGP001006020000000000,19,51971
NG,Borno,8,NGP001006000000000000,Biu,NGP001006021000000000,33,109253
NG,Borno,8,NGP001006000000000000,Maiduguri,NGP001006022000000000,3496,462763
NG,Borno,8,NGP001006000000000000,Marte,NGP001006023000000000,19,59907
NG,Borno,8,NGP001006000000000000,Konduga,NGP001006024000000000,22,131650
NG,Borno,8,NGP001006000000000000,Gubio,NGP001006025000000000,18,43589
NG,Borno,8,NGP001006000000000000,Damboa,NGP001006026000000000,18,109458
NG,Borno,8,NGP001006000000000000,Ngala,NGP001006027000000000,68,98905
NG,Zamfara,37,NGP002001000000000000,Bukkuyum,NGP002001001000000000,34,108226
NG,Zamfara,37,NGP002001000000000000,Tsafe,NGP002001002000000000,96,163512
NG,Zamfara,37,NGP002001000000000000,Kaura Namoda,NGP002001003000000000,194,168144
NG,Zamfara,37,NGP002001000000000000,Anka,NGP002001004000000000,27,72846
NG,Zamfara,37,NGP002001000000000000,Bakura,NGP002001005000000000,46,62443
NG,Zamfara,37,NGP002001000000000000,Maru,NGP002001006000000000,29,194128
NG,Zamfara,37,NGP002001000000000000,Maradun,NGP002001007000000000,48,131423
NG,Zamfara,37,NGP002001000000000000,Bungudu,NGP002001008000000000,83,189783
NG,Zamfara,37,NGP002001000000000000,Talata Mafara,NGP002001009000000000,90,129193
NG,Zamfara,37,NGP002001000000000000,Gummi,NGP002001010000000000,61,160102
NG,Zamfara,37,NGP002001000000000000,Birnin Magaji/Kiyaw,NGP002001011000000000,87,102982
NG,Zamfara,37,NGP002001000000000000,Gusau,NGP002001012000000000,77,259336
NG,Zamfara,37,NGP002001000000000000,Shinkafi,NGP002001013000000000,146,98375
NG,Zamfara,37,NGP002001000000000000,Zurmi,NGP002001014000000000,62,176683
NG,Kaduna,19,NGP002002000000000000,Kuban,NGP002002001000000000,71,177410
NG,Kaduna,19,NGP002002000000000000,Kaura,NGP002002002000000000,209,101455
NG,Kaduna,19,NGP002002000000000000,Kagarko,NGP002002003000000000,49,90566
NG,Kaduna,19,NGP002002000000000000,Kauru,NGP002002004000000000,47,115284
NG,Kaduna,19,NGP002002000000000000,Kudan,NGP002002005000000000,237,94585
NG,Kaduna,19,NGP002002000000000000,Jema'a,NGP002002006000000000,84,138720
NG,Kaduna,19,NGP002002000000000000,kaduna South,NGP002002007000000000,6600,391575
NG,Kaduna,19,NGP002002000000000000,Makarfi,NGP002002008000000000,201,108455
NG,Kaduna,19,NGP002002000000000000,Chikun,NGP002002009000000000,55,255562
NG,Kaduna,19,NGP002002000000000000,Soba,NGP002002010000000000,78,174217
NG,Kaduna,19,NGP002002000000000000,Kachia,NGP002002011000000000,25,116145
NG,Kaduna,19,NGP002002000000000000,Kaduna North,NGP002002012000000000,4806,348000
NG,Kaduna,19,NGP002002000000000000,Jaba,NGP002002013000000000,180,66119
NG,Kaduna,19,NGP002002000000000000,Ikara,NGP002002014000000000,163,138822
NG,Kaduna,19,NGP002002000000000000,Igabi,NGP002002015000000000,83,308239
NG,Kaduna,19,NGP002002000000000000,Kajuru,NGP002002016000000000,41,116284
NG,Kaduna,19,NGP002002000000000000,Giwa,NGP002002017000000000,83,171061
NG,Kaduna,19,NGP002002000000000000,Sabon Gari,NGP002002018000000000,850,224067
NG,Kaduna,19,NGP002002000000000000,Sanga,NGP002002019000000000,64,79793
NG,Kaduna,19,NGP002002000000000000,Birnin Gwari,NGP002002020000000000,23,143072
NG,Kaduna,19,NGP002002000000000000,Zangon Kataf,NGP002002021000000000,53,140224
NG,Kaduna,19,NGP002002000000000000,Zaria,NGP002002022000000000,948,284318
NG,Kaduna,19,NGP002002000000000000,Lere,NGP002002023000000000,95,205727
NG,Sokoto,34,NGP002003000000000000,Bodinga,NGP002003001000000000,202,114067
NG,Sokoto,34,NGP002003000000000000,Kebbe,NGP002003002000000000,22,58716
NG,Sokoto,34,NGP002003000000000000,Wamako,NGP002003003000000000,201,140137
NG,Sokoto,34,NGP002003000000000000,Wurno,NGP002003004000000000,147,100964
NG,Sokoto,34,NGP002003000000000000,Illela,NGP002003005000000000,106,131930
NG,Sokoto,34,NGP002003000000000000,Kware,NGP002003006000000000,210,116139
NG,Sokoto,34,NGP002003000000000000,Dange-Shuni,NGP002003007000000000,108,130630
NG,Sokoto,34,NGP002003000000000000,Yabo,NGP002003008000000000,98,77357
NG,Sokoto,34,NGP002003000000000000,Shagari,NGP002003009000000000,68,90194
NG,Sokoto,34,NGP002003000000000000,Silame,NGP002003010000000000,82,65122
NG,Sokoto,34,NGP002003000000000000,Sokoto South,NGP002003011000000000,3042,125031
NG,Sokoto,34,NGP002003000000000000,Gudu,NGP002003012000000000,12,42172
NG,Sokoto,34,NGP002003000000000000,Isa,NGP002003013000000000,39,83849
NG,Sokoto,34,NGP002003000000000000,Tureta,NGP002003014000000000,17,39909
NG,Sokoto,34,NGP002003000000000000,Rabah,NGP002003015000000000,37,91119
NG,Sokoto,34,NGP002003000000000000,Gwadabawa,NGP002003016000000000,144,142996
NG,Sokoto,34,NGP002003000000000000,Binji,NGP002003017000000000,97,54239
NG,Sokoto,34,NGP002003000000000000,Sabon Birni,NGP002003018000000000,65,152994
NG,Sokoto,34,NGP002003000000000000,Gada,NGP002003019000000000,112,147915
NG,Sokoto,34,NGP002003000000000000,Tambuwal,NGP002003020000000000,86,146976
NG,Sokoto,34,NGP002003000000000000,Sokoto North,NGP002003021000000000,2985,151931
NG,Sokoto,34,NGP002003000000000000,Tangaza,NGP002003022000000000,35,85947
NG,Sokoto,34,NGP002003000000000000,Goronyo,NGP002003023000000000,63,106666
NG,Kebbi,22,NGP002004000000000000,Kalgo,NGP002004001000000000,43,50896
NG,Kebbi,22,NGP002004000000000000,Aleiro,NGP002004002000000000,105,36920
NG,Kebbi,22,NGP002004000000000000,Maiyama,NGP002004003000000000,110,113072
NG,Kebbi,22,NGP002004000000000000,Yauri,NGP002004004000000000,46,63880
NG,Kebbi,22,NGP002004000000000000,Bunza,NGP002004005000000000,88,76718
NG,Kebbi,22,NGP002004000000000000,Zuru,NGP002004006000000000,151,98939
NG,Kebbi,22,NGP002004000000000000,Birnin Kebbi,NGP002004007000000000,113,150520
NG,Kebbi,22,NGP002004000000000000,Arewa Dandi,NGP002004008000000000,35,137538
NG,Kebbi,22,NGP002004000000000000,Suru,NGP002004009000000000,87,116971
NG,Kebbi,22,NGP002004000000000000,Ngaski,NGP002004010000000000,26,68800
NG,Kebbi,22,NGP002004000000000000,Dandi,NGP002004011000000000,51,101919
NG,Kebbi,22,NGP002004000000000000,Fakai,NGP002004012000000000,32,71831
NG,Kebbi,22,NGP002004000000000000,Jega,NGP002004013000000000,139,124176
NG,Kebbi,22,NGP002004000000000000,Bagudo,NGP002004014000000000,32,153935
NG,Kebbi,22,NGP002004000000000000,Wasagu/Danko,NGP002004015000000000,12,48230
NG,Kebbi,22,NGP002004000000000000,Gwandu,NGP002004016000000000,106,107429
NG,Kebbi,22,NGP002004000000000000,Shanga,NGP002004017000000000,53,86498
NG,Kebbi,22,NGP002004000000000000,Augie,NGP002004018000000000,68,80911
NG,Kebbi,22,NGP002004000000000000,Sakaba,NGP002004019000000000,119,149763
NG,Kebbi,22,NGP002004000000000000,Koko/Besse,NGP002004020000000000,82,107170
NG,Kebbi,22,NGP002004000000000000,Argungu,NGP002004021000000000,95,123374
NG,Kano,20,NGP002005000000000000,Warawa,NGP002005001000000000,227,81666
NG,Kano,20,NGP002005000000000000,Kumbotso,NGP002005002000000000,1057,166558
NG,Kano,20,NGP002005000000000000,Kano Municipal,NGP002005003000000000,15569,270764
NG,Kano,20,NGP002005000000000000,Kunchi,NGP002005004000000000,112,75277
NG,Kano,20,NGP002005000000000000,Karaye,NGP002005005000000000,187,89711
NG,Kano,20,NGP002005000000000000,Minjibir,NGP002005006000000000,233,96882
NG,Kano,20,NGP002005000000000000,Makoda,NGP002005007000000000,158,69954
NG,Kano,20,NGP002005000000000000,Albasu,NGP002005008000000000,293,116603
NG,Kano,20,NGP002005000000000000,Nassarawa,NGP002005009000000000,10431,355729
NG,Kano,20,NGP002005000000000000,Madobi,NGP002005010000000000,289,78924
NG,Kano,20,NGP002005000000000000,Kura,NGP002005011000000000,433,89342
NG,Kano,20,NGP002005000000000000,Kiru,NGP002005012000000000,169,156584
NG,Kano,20,NGP002005000000000000,Kibiya,NGP002005013000000000,182,73650
NG,Kano,20,NGP002005000000000000,Rogo,NGP002005014000000000,175,140447
NG,Kano,20,NGP002005000000000000,Bichi,NGP002005015000000000,299,182674
NG,Kano,20,NGP002005000000000000,Fagge,NGP002005016000000000,7548,156342
NG,Kano,20,NGP002005000000000000,Tudun Wada,NGP002005017000000000,117,141288
NG,Kano,20,NGP002005000000000000,Bunkure,NGP002005018000000000,252,122856
NG,Kano,20,NGP002005000000000000,Wudil,NGP002005019000000000,300,108441
NG,Kano,20,NGP002005000000000000,Kabo,NGP002005020000000000,265,90158
NG,Kano,20,NGP002005000000000000,Bebeji,NGP002005021000000000,166,118833
NG,Kano,20,NGP002005000000000000,Dala,NGP002005022000000000,16588,316137
NG,Kano,20,NGP002005000000000000,Dambatta,NGP002005023000000000,197,144268
NG,Kano,20,NGP002005000000000000,Dawakin Kudu,NGP002005024000000000,426,163648
NG,Kano,20,NGP002005000000000000,Dawakin Tofa,NGP002005025000000000,327,156443
NG,Kano,20,NGP002005000000000000,Doguwa,NGP002005026000000000,57,83365
NG,Kano,20,NGP002005000000000000,Ungongo,NGP002005027000000000,824,168373
NG,Kano,20,NGP002005000000000000,Gwarzo,NGP002005028000000000,302,118778
NG,Kano,20,NGP002005000000000000,Gabasawa,NGP002005029000000000,253,152899
NG,Kano,20,NGP002005000000000000,Tofa,NGP002005030000000000,321,64796
NG,Kano,20,NGP002005000000000000,Rano,NGP002005031000000000,171,88886
NG,Kano,20,NGP002005000000000000,Shanono,NGP002005032000000000,122,84861
NG,Kano,20,NGP002005000000000000,Gwale,NGP002005033000000000,9701,177437
NG,Kano,20,NGP002005000000000000,Sumaila,NGP002005034000000000,131,164242
NG,Kano,20,NGP002005000000000000,Gezawa,NGP002005035000000000,455,154629
NG,Kano,20,NGP002005000000000000,Bagwai,NGP002005036000000000,263,106645
NG,Kano,20,NGP002005000000000000,Tsanyawa,NGP002005037000000000,171,83942
NG,Kano,20,NGP002005000000000000,Gaya,NGP002005038000000000,221,135689
NG,Kano,20,NGP002005000000000000,Garko,NGP002005039000000000,278,125001
NG,Kano,20,NGP002005000000000000,Rimin Gado,NGP002005040000000000,269,60622
NG,Kano,20,NGP002005000000000000,Ajingi,NGP002005041000000000,146,104212
NG,Kano,20,NGP002005000000000000,Garun Mallam,NGP002005042000000000,300,64173
NG,Kano,20,NGP002005000000000000,Takai,NGP002005043000000000,217,130007
NG,Kano,20,NGP002005000000000000,Tarauni,NGP002005044000000000,4784,135846
NG,Katsina,21,NGP002006000000000000,Jibia,NGP002006001000000000,120,124731
NG,Katsina,21,NGP002006000000000000,Ingawa,NGP002006002000000000,129,114935
NG,Katsina,21,NGP002006000000000000,Kaita,NGP002006003000000000,110,101878
NG,Katsina,21,NGP002006000000000000,Kafur,NGP002006004000000000,124,136813
NG,Katsina,21,NGP002006000000000000,Kankara,NGP002006005000000000,104,152748
NG,Katsina,21,NGP002006000000000000,Kankia,NGP002006006000000000,133,109708
NG,Katsina,21,NGP002006000000000000,Katsina,NGP002006007000000000,1574,223644
NG,Katsina,21,NGP002006000000000000,Rimi,NGP002006008000000000,251,113433
NG,Katsina,21,NGP002006000000000000,Sabuwa,NGP002006009000000000,87,55796
NG,Katsina,21,NGP002006000000000000,Faskari,NGP002006010000000000,72,125181
NG,Katsina,21,NGP002006000000000000,Safana,NGP002006011000000000,475,133723
NG,Katsina,21,NGP002006000000000000,Mai'Adua,NGP002006012000000000,261,137976
NG,Katsina,21,NGP002006000000000000,Mani,NGP002006013000000000,155,121889
NG,Katsina,21,NGP002006000000000000,Musawa,NGP002006014000000000,93,79184
NG,Katsina,21,NGP002006000000000000,Sandamu,NGP002006015000000000,54,76362
NG,Katsina,21,NGP002006000000000000,Batagarawa,NGP002006016000000000,196,84864
NG,Katsina,21,NGP002006000000000000,Bindawa,NGP002006017000000000,303,120636
NG,Katsina,21,NGP002006000000000000,Batsari,NGP002006018000000000,120,132936
NG,Katsina,21,NGP002006000000000000,Dutsin Ma,NGP002006019000000000,220,115790
NG,Katsina,21,NGP002006000000000000,Daura,NGP002006020000000000,255,80510
NG,Katsina,21,NGP002006000000000000,Kusada,NGP002006021000000000,154,59896
NG,Katsina,21,NGP002006000000000000,Bakori,NGP002006022000000000,196,132936
NG,Katsina,21,NGP002006000000000000,Zango,NGP002006023000000000,233,140162
NG,Katsina,21,NGP002006000000000000,Danja,NGP002006024000000000,197,98524
NG,Katsina,21,NGP002006000000000000,Funtua,NGP002006025000000000,363,162888
NG,Katsina,21,NGP002006000000000000,Malumfashi,NGP002006026000000000,235,158338
NG,Katsina,21,NGP002006000000000000,Dandume,NGP002006027000000000,210,88912
NG,Katsina,21,NGP002006000000000000,Baure,NGP002006028000000000,97,68709
NG,Katsina,21,NGP002006000000000000,Dan Musa,NGP002006029000000000,83,65845
NG,Katsina,21,NGP002006000000000000,Matazu,NGP002006030000000000,147,74030
NG,Katsina,21,NGP002006000000000000,Mashi,NGP002006031000000000,152,137555
NG,Katsina,21,NGP002006000000000000,Dutsi,NGP002006032000000000,207,58494
NG,Katsina,21,NGP002006000000000000,Charanchi,NGP002006033000000000,169,79403
NG,Katsina,21,NGP002006000000000000,Kurfi,NGP002006034000000000,129,74020
NG,Jigawa,18,NGP002007000000000000,Gwiwa,NGP002007001000000000,129,58184
NG,Jigawa,18,NGP002007000000000000,Kazaure,NGP002007002000000000,224,82380
NG,Jigawa,18,NGP002007000000000000,Hadejia,NGP002007003000000000,2030,65967
NG,Jigawa,18,NGP002007000000000000,Dutse,NGP002007004000000000,126,138452
NG,Jigawa,18,NGP002007000000000000,Kaugama,NGP002007005000000000,109,96066
NG,Jigawa,18,NGP002007000000000000,Auyo,NGP002007006000000000,158,80980
NG,Jigawa,18,NGP002007000000000000,Miga,NGP002007007000000000,137,80282
NG,Jigawa,18,NGP002007000000000000,Roni,NGP002007008000000000,171,55254
NG,Jigawa,18,NGP002007000000000000,Gagarawa,NGP002007009000000000,68,44307
NG,Jigawa,18,NGP002007000000000000,Kafin Hausa,NGP002007010000000000,112,154746
NG,Jigawa,18,NGP002007000000000000,Jahun,NGP002007011000000000,153,179526
NG,Jigawa,18,NGP002007000000000000,kiyawa,NGP002007012000000000,107,110465
NG,Jigawa,18,NGP002007000000000000,Garki,NGP002007013000000000,76,107337
NG,Jigawa,18,NGP002007000000000000,Maigatari,NGP002007014000000000,123,106811
NG,Jigawa,18,NGP002007000000000000,Birnin Kudu,NGP002007015000000000,166,235188
NG,Jigawa,18,NGP002007000000000000,Gwaram,NGP002007016000000000,103,196480
NG,Jigawa,18,NGP002007000000000000,Kiri Kasama,NGP002007017000000000,133,105977
NG,Jigawa,18,NGP002007000000000000,Gumel,NGP002007018000000000,217,48583
NG,Jigawa,18,NGP002007000000000000,Guri,NGP002007019000000000,79,83801
NG,Jigawa,18,NGP002007000000000000,Babura,NGP002007020000000000,141,140182
NG,Jigawa,18,NGP002007000000000000,Taura,NGP002007021000000000,149,97243
NG,Jigawa,18,NGP002007000000000000,Sule Tankarkar,NGP002007022000000000,91,117042
NG,Jigawa,18,NGP002007000000000000,Biriniwa,NGP002007023000000000,78,122958
NG,Jigawa,18,NGP002007000000000000,Ringim,NGP002007024000000000,150,158206
NG,Jigawa,18,NGP002007000000000000,Yankwashi,NGP002007025000000000,125,46356
NG,Jigawa,18,NGP002007000000000000,Buji,NGP002007026000000000,108,59315
NG,Jigawa,18,NGP002007000000000000,Malam Maduri,NGP002007027000000000,132,100961
NG,Abia,1,NGP003001000000000000,Osisioma Ngwa,NGP003001001000000000,818,161645
NG,Abia,1,NGP003001000000000000,Obi Ngwa,NGP003001002000000000,330,130413
NG,Abia,1,NGP003001000000000000,Umu-Nneochi,NGP003001003000000000,221,81605
NG,Abia,1,NGP003001000000000000,Umuahia South,NGP003001004000000000,524,73513
NG,Abia,1,NGP003001000000000000,Umuahia North,NGP003001005000000000,599,146591
NG,Abia,1,NGP003001000000000000,Arochukwu,NGP003001006000000000,187,97800
NG,Abia,1,NGP003001000000000000,Bende,NGP003001007000000000,220,132271
NG,Abia,1,NGP003001000000000000,Ukwa East,NGP003001008000000000,116,32444
NG,Abia,1,NGP003001000000000000,Ugwunagbo,NGP003001009000000000,305,32914
NG,Abia,1,NGP003001000000000000,Ukwa West,NGP003001010000000000,180,48654
NG,Abia,1,NGP003001000000000000,Isiala-Ngwa North,NGP003001011000000000,330,93336
NG,Abia,1,NGP003001000000000000,Isiala-Ngwa South,NGP003001012000000000,382,98575
NG,Abia,1,NGP003001000000000000,Isuikwuato,NGP003001013000000000,187,73774
NG,Abia,1,NGP003001000000000000,Aba South,NGP003001014000000000,8419,413852
NG,Abia,1,NGP003001000000000000,Ikwuano,NGP003001015000000000,217,61214
NG,Abia,1,NGP003001000000000000,Aba North,NGP003001016000000000,3791,86331
NG,Abia,1,NGP003001000000000000,Ohafia,NGP003001017000000000,340,148985
NG,Anambra,4,NGP003002000000000000,Ihiala,NGP003002001000000000,713,179589
NG,Anambra,4,NGP003002000000000000,Anaocha,NGP003002002000000000,1922,200607
NG,Anambra,4,NGP003002000000000000,Idemili North,NGP003002003000000000,2414,278642
NG,Anambra,4,NGP003002000000000000,Oyi,NGP003002004000000000,806,109921
NG,Anambra,4,NGP003002000000000000,Ekwusigo,NGP003002005000000000,766,89171
NG,Anambra,4,NGP003002000000000000,Anambra East,NGP003002006000000000,231,57928
NG,Anambra,4,NGP003002000000000000,Onitsha North,NGP003002007000000000,2876,121157
NG,Anambra,4,NGP003002000000000000,Orumba South,NGP003002008000000000,482,92716
NG,Anambra,4,NGP003002000000000000,Njikoka,NGP003002009000000000,767,72948
NG,Anambra,4,NGP003002000000000000,Nnewi North,NGP003002010000000000,2023,121063
NG,Anambra,4,NGP003002000000000000,Nnewi South,NGP003002011000000000,848,147428
NG,Anambra,4,NGP003002000000000000,Orumba North,NGP003002012000000000,429,127476
NG,Anambra,4,NGP003002000000000000,Ayamelum,NGP003002013000000000,146,85819
NG,Anambra,4,NGP003002000000000000,Aguata,NGP003002014000000000,1471,286897
NG,Anambra,4,NGP003002000000000000,Awka South,NGP003002015000000000,768,130664
NG,Anambra,4,NGP003002000000000000,Dunukofia,NGP003002016000000000,1121,73473
NG,Anambra,4,NGP003002000000000000,Anambra West,NGP003002017000000000,114,109075
NG,Anambra,4,NGP003002000000000000,Awka North,NGP003002018000000000,173,60728
NG,Anambra,4,NGP003002000000000000,Onitsha South,NGP003002019000000000,9264,92716
NG,Anambra,4,NGP003002000000000000,Idemili South,NGP003002020000000000,906,124122
NG,Anambra,4,NGP003002000000000000,Ogbaru,NGP003002021000000000,423,191761
NG,Imo,17,NGP003003000000000000,Owerri North,NGP003003001000000000,805,159550
NG,Imo,17,NGP003003000000000000,Owerri West,NGP003003002000000000,268,78948
NG,Imo,17,NGP003003000000000000,Owerri Municipal,NGP003003003000000000,884,51223
NG,Imo,17,NGP003003000000000000,Ideato South,NGP003003004000000000,896,79236
NG,Imo,17,NGP003003000000000000,Oguta,NGP003003005000000000,181,87415
NG,Imo,17,NGP003003000000000000,Ikeduru,NGP003003006000000000,606,108367
NG,Imo,17,NGP003003000000000000,Oru West,NGP003003007000000000,876,81719
NG,Imo,17,NGP003003000000000000,Njaba,NGP003003008000000000,1039,87259
NG,Imo,17,NGP003003000000000000,Nkwerre,NGP003003009000000000,1240,47190
NG,Imo,17,NGP003003000000000000,Ahiazu-Mbaise,NGP003003010000000000,846,96170
NG,Imo,17,NGP003003000000000000,Ohaji/Egbema,NGP003003011000000000,134,119116
NG,Imo,17,NGP003003000000000000,Mbatoli,NGP003003012000000000,728,148531
NG,Imo,17,NGP003003000000000000,Okigwe,NGP003003013000000000,247,79229
NG,Imo,17,NGP003003000000000000,Ngor-Okpala,NGP003003014000000000,242,135711
NG,Imo,17,NGP003003000000000000,Unuimo,NGP003003015000000000,628,54470
NG,Imo,17,NGP003003000000000000,Ehime -Mbano,NGP003003016000000000,576,97145
NG,Imo,17,NGP003003000000000000,Oru East,NGP003003017000000000,505,68458
NG,Imo,17,NGP003003000000000000,Orsu,NGP003003018000000000,1568,87521
NG,Imo,17,NGP003003000000000000,Obowo,NGP003003019000000000,689,64277
NG,Imo,17,NGP003003000000000000,Aboh-Mbaise,NGP003003020000000000,625,115360
NG,Imo,17,NGP003003000000000000,Isiala Mbano,NGP003003021000000000,641,106170
NG,Imo,17,NGP003003000000000000,Isu,NGP003003022000000000,1552,62139
NG,Imo,17,NGP003003000000000000,Ezinihitte,NGP003003023000000000,846,92462
NG,Imo,17,NGP003003000000000000,Ihitte/Uboma,NGP003003024000000000,664,69009
NG,Imo,17,NGP003003000000000000,Ideato North,NGP003003025000000000,623,118519
NG,Imo,17,NGP003003000000000000,Nwangele,NGP003003026000000000,1246,78840
NG,Imo,17,NGP003003000000000000,Orlu,NGP003003027000000000,892,117343
NG,Enugu,14,NGP003004000000000000,Udenu,NGP003004001000000000,450,111647
NG,Enugu,14,NGP003004000000000000,Nsukka,NGP003004002000000000,455,220411
NG,Enugu,14,NGP003004000000000000,Igbo-Eze-South,NGP003004003000000000,479,75641
NG,Enugu,14,NGP003004000000000000,Udi,NGP003004004000000000,179,160500
NG,Enugu,14,NGP003004000000000000,Enugu East,NGP003004005000000000,455,174431
NG,Enugu,14,NGP003004000000000000,Isi-Uzo,NGP003004006000000000,98,85748
NG,Enugu,14,NGP003004000000000000,Nkanu West,NGP003004007000000000,458,102945
NG,Enugu,14,NGP003004000000000000,Nkanu East,NGP003004008000000000,134,106499
NG,Enugu,14,NGP003004000000000000,Igbo-Eze-North,NGP003004009000000000,475,139290
NG,Enugu,14,NGP003004000000000000,Aninri,NGP003004010000000000,263,95601
NG,Enugu,14,NGP003004000000000000,Igbo-Etiti,NGP003004011000000000,425,138401
NG,Enugu,14,NGP003004000000000000,Enugu South,NGP003004012000000000,2033,137050
NG,Enugu,14,NGP003004000000000000,Ezeagu,NGP003004013000000000,179,113024
NG,Enugu,14,NGP003004000000000000,Oji-River,NGP003004014000000000,214,86361
NG,Enugu,14,NGP003004000000000000,Awgu,NGP003004015000000000,306,136644
NG,Enugu,14,NGP003004000000000000,Uzo-Uwani,NGP003004016000000000,103,88112
NG,Enugu,14,NGP003004000000000000,Enugu North,NGP003004017000000000,1439,153033
NG,Ebonyi,11,NGP003005000000000000,Izzi,NGP003005001000000000,151,161349
NG,Ebonyi,11,NGP003005000000000000,Ohaozara,NGP003005002000000000,250,78044
NG,Ebonyi,11,NGP003005000000000000,Ohaukwu,NGP003005003000000000,328,169622
NG,Ebonyi,11,NGP003005000000000000,Ishielu,NGP003005004000000000,148,128720
NG,Ebonyi,11,NGP003005000000000000,Ikwo,NGP003005005000000000,268,154396
NG,Ebonyi,11,NGP003005000000000000,Ebonyi,NGP003005006000000000,195,86350
NG,Ebonyi,11,NGP003005000000000000,Ezza North,NGP003005007000000000,377,114701
NG,Ebonyi,11,NGP003005000000000000,Afikpo North,NGP003005008000000000,448,107633
NG,Ebonyi,11,NGP003005000000000000,Ivo,NGP003005009000000000,234,57203
NG,Ebonyi,11,NGP003005000000000000,Ezza South,NGP003005010000000000,250,81109
NG,Ebonyi,11,NGP003005000000000000,Afikpo South,NGP003005011000000000,185,69725
NG,Ebonyi,11,NGP003005000000000000,Onicha,NGP003005012000000000,235,111965
NG,Ebonyi,11,NGP003005000000000000,Abakaliki,NGP003005013000000000,228,133065
NG,Cross River,9,NGP004001000000000000,Calabar South,NGP004001001000000000,704,185787
NG,Cross River,9,NGP004001000000000000,Obudu,NGP004001002000000000,187,84799
NG,Cross River,9,NGP004001000000000000,Bekwarra,NGP004001003000000000,190,57965
NG,Cross River,9,NGP004001000000000000,Etung,NGP004001004000000000,56,45299
NG,Cross River,9,NGP004001000000000000,Odukpani,NGP004001005000000000,90,122352
NG,Cross River,9,NGP004001000000000000,Ikom,NGP004001006000000000,72,140234
NG,Cross River,9,NGP004001000000000000,Ogoja,NGP004001007000000000,114,110539
NG,Cross River,9,NGP004001000000000000,Akamkpa,NGP004001008000000000,24,118472
NG,Cross River,9,NGP004001000000000000,Boki,NGP004001009000000000,52,145010
NG,Cross River,9,NGP004001000000000000,Obanliku,NGP004001010000000000,46,48611
NG,Cross River,9,NGP004001000000000000,Bakassi,NGP004001011000000000,6,3827
NG,Cross River,9,NGP004001000000000000,Yala,NGP004001012000000000,90,156617
NG,Cross River,9,NGP004001000000000000,Abi,NGP004001013000000000,478,134773
NG,Cross River,9,NGP004001000000000000,Obubra,NGP004001014000000000,120,134225
NG,Cross River,9,NGP004001000000000000,Akpabuyo,NGP004001015000000000,81,100424
NG,Cross River,9,NGP004001000000000000,Calabar Municipal,NGP004001016000000000,1011,143089
NG,Cross River,9,NGP004001000000000000,Yakurr,NGP004001017000000000,117,78452
NG,Cross River,9,NGP004001000000000000,Biase,NGP004001018000000000,77,101121
NG,Edo,12,NGP004002000000000000,Egor,NGP004002001000000000,2346,217912
NG,Edo,12,NGP004002000000000000,Etsako Central,NGP004002002000000000,62,41081
NG,Edo,12,NGP004002000000000000,Uhunmwonde,NGP004002003000000000,49,98767
NG,Edo,12,NGP004002000000000000,Esan Central,NGP004002004000000000,310,78264
NG,Edo,12,NGP004002000000000000,Esan West,NGP004002005000000000,151,75832
NG,Edo,12,NGP004002000000000000,Esan  North-East,NGP004002006000000000,262,88687
NG,Edo,12,NGP004002000000000000,Owan West,NGP004002007000000000,96,70374
NG,Edo,12,NGP004002000000000000,Iguegben,NGP004002008000000000,125,47611
NG,Edo,12,NGP004002000000000000,Owan East,NGP004002009000000000,73,90927
NG,Edo,12,NGP004002000000000000,Ovia South-West,NGP004002010000000000,29,80692
NG,Edo,12,NGP004002000000000000,Ovia North-East,NGP004002011000000000,53,121769
NG,Edo,12,NGP004002000000000000,Oredo,NGP004002012000000000,1416,352918
NG,Edo,12,NGP004002000000000000,Orhionmwon,NGP004002013000000000,62,147537
NG,Edo,12,NGP004002000000000000,Esan South-East,NGP004002014000000000,63,81728
NG,Edo,12,NGP004002000000000000,Akoko-Edo,NGP004002015000000000,90,123686
NG,Edo,12,NGP004002000000000000,Etsako East,NGP004002016000000000,86,97316
NG,Edo,12,NGP004002000000000000,Etsako West,NGP004002017000000000,133,126112
NG,Edo,12,NGP004002000000000000,Ikpoba-Okha,NGP004002018000000000,268,230792
NG,Delta,10,NGP004003000000000000,Uvwie,NGP004003001000000000,1524,145054
NG,Delta,10,NGP004003000000000000,Isoko North,NGP004003002000000000,234,111919
NG,Delta,10,NGP004003000000000000,Ika North East,NGP004003003000000000,273,126560
NG,Delta,10,NGP004003000000000000,Isoko South,NGP004003004000000000,214,150836
NG,Delta,10,NGP004003000000000000,Ika South,NGP004003005000000000,251,109204
NG,Delta,10,NGP004003000000000000,Warri North,NGP004003006000000000,31,57519
NG,Delta,10,NGP004003000000000000,Burutu,NGP004003007000000000,87,167648
NG,Delta,10,NGP004003000000000000,Oshimili North,NGP004003008000000000,126,64258
NG,Delta,10,NGP004003000000000000,Bomadi,NGP004003009000000000,502,64683
NG,Delta,10,NGP004003000000000000,Okpe,NGP004003010000000000,105,46710
NG,Delta,10,NGP004003000000000000,Ethiope West,NGP004003011000000000,197,105861
NG,Delta,10,NGP004003000000000000,Ethiope East,NGP004003012000000000,300,113929
NG,Delta,10,NGP004003000000000000,Aniocha North,NGP004003013000000000,150,60998
NG,Delta,10,NGP004003000000000000,Warri South-West,NGP004003014000000000,19,33374
NG,Delta,10,NGP004003000000000000,Aniocha South,NGP004003015000000000,123,107034
NG,Delta,10,NGP004003000000000000,Patani,NGP004003016000000000,202,43811
NG,Delta,10,NGP004003000000000000,Warri South,NGP004003017000000000,372,235750
NG,Delta,10,NGP004003000000000000,Ukwuani,NGP004003018000000000,168,68710
NG,Delta,10,NGP004003000000000000,Ndokwa East,NGP004003019000000000,47,75578
NG,Delta,10,NGP004003000000000000,Sapele,NGP004003020000000000,317,142652
NG,Delta,10,NGP004003000000000000,Ndokwa West,NGP004003021000000000,140,114117
NG,Delta,10,NGP004003000000000000,Ughelli South,NGP004003022000000000,135,105785
NG,Delta,10,NGP004003000000000000,Ughelli North,NGP004003023000000000,244,199992
NG,Delta,10,NGP004003000000000000,Udu,NGP004003024000000000,587,76724
NG,Delta,10,NGP004003000000000000,Oshimili South,NGP004003025000000000,231,61785
NG,Akwa Ibom,3,NGP004004000000000000,Mkpat Enin,NGP004004001000000000,316,104127
NG,Akwa Ibom,3,NGP004004000000000000,Ibesikpo Asutan,NGP004004002000000000,530,81925
NG,Akwa Ibom,3,NGP004004000000000000,Urue Offong/Oruko,NGP004004003000000000,242,30734
NG,Akwa Ibom,3,NGP004004000000000000,Nsit Atai,NGP004004004000000000,279,37458
NG,Akwa Ibom,3,NGP004004000000000000,Okobo,NGP004004005000000000,232,69433
NG,Akwa Ibom,3,NGP004004000000000000,Nsit Ubium,NGP004004006000000000,359,73826
NG,Akwa Ibom,3,NGP004004000000000000,Abak,NGP004004007000000000,573,108833
NG,Akwa Ibom,3,NGP004004000000000000,Ibeno,NGP004004008000000000,160,42249
NG,Akwa Ibom,3,NGP004004000000000000,Uyo,NGP004004009000000000,1013,188877
NG,Akwa Ibom,3,NGP004004000000000000,Uruan,NGP004004010000000000,231,79908
NG,Akwa Ibom,3,NGP004004000000000000,Ibiono Ibom,NGP004004011000000000,307,103465
NG,Akwa Ibom,3,NGP004004000000000000,Ika,NGP004004012000000000,486,54835
NG,Akwa Ibom,3,NGP004004000000000000,Ukanafun,NGP004004013000000000,349,85944
NG,Akwa Ibom,3,NGP004004000000000000,Nsit Ibom,NGP004004014000000000,448,63570
NG,Akwa Ibom,3,NGP004004000000000000,Ikono,NGP004004015000000000,357,92521
NG,Akwa Ibom,3,NGP004004000000000000,Mbo,NGP004004016000000000,274,67003
NG,Akwa Ibom,3,NGP004004000000000000,Udung Uko,NGP004004017000000000,387,26134
NG,Akwa Ibom,3,NGP004004000000000000,Eket,NGP004004018000000000,493,82610
NG,Akwa Ibom,3,NGP004004000000000000,Onna,NGP004004019000000000,697,113048
NG,Akwa Ibom,3,NGP004004000000000000,Oron,NGP004004020000000000,875,55735
NG,Akwa Ibom,3,NGP004004000000000000,Eastern Obolo,NGP004004021000000000,115,13911
NG,Akwa Ibom,3,NGP004004000000000000,Oruk Anam,NGP004004022000000000,242,126726
NG,Akwa Ibom,3,NGP004004000000000000,Esit Eket,NGP004004023000000000,236,39579
NG,Akwa Ibom,3,NGP004004000000000000,Etim Ekpo,NGP004004024000000000,313,64368
NG,Akwa Ibom,3,NGP004004000000000000,Etinan,NGP004004025000000000,515,90085
NG,Akwa Ibom,3,NGP004004000000000000,Essien Udim,NGP004004026000000000,441,130215
NG,Akwa Ibom,3,NGP004004000000000000,Obot Akara,NGP004004027000000000,273,64802
NG,Akwa Ibom,3,NGP004004000000000000,Itu,NGP004004028000000000,473,82624
NG,Akwa Ibom,3,NGP004004000000000000,Ini,NGP004004029000000000,191,71292
NG,Akwa Ibom,3,NGP004004000000000000,Ikot Ekpene,NGP004004030000000000,840,97317
NG,Akwa Ibom,3,NGP004004000000000000,Ikot Abasi,NGP004004031000000000,184,66160
NG,Bayelsa,6,NGP004005000000000000,Ogbia,NGP004005001000000000,230,159958
NG,Bayelsa,6,NGP004005000000000000,Southern Ijaw,NGP004005002000000000,100,267371
NG,Bayelsa,6,NGP004005000000000000,Ekeremor,NGP004005003000000000,69,124279
NG,Bayelsa,6,NGP004005000000000000,Kolokuma/Opokuma,NGP004005004000000000,130,46877
NG,Bayelsa,6,NGP004005000000000000,Yenegoa,NGP004005005000000000,100,70399
NG,Bayelsa,6,NGP004005000000000000,Sagbama,NGP004005006000000000,127,119759
NG,Bayelsa,6,NGP004005000000000000,Brass,NGP004005007000000000,118,166230
NG,Bayelsa,6,NGP004005000000000000,Nembe,NGP004005008000000000,149,112920
NG,Rivers,33,NGP004006000000000000,Port-Harcourt,NGP004006001000000000,4032,440399
NG,Rivers,33,NGP004006000000000000,Ogba/Egbema/Ndoni,NGP004006002000000000,197,190751
NG,Rivers,33,NGP004006000000000000,Andoni,NGP004006003000000000,771,179613
NG,Rivers,33,NGP004006000000000000,Degema,NGP004006004000000000,95,95889
NG,Rivers,33,NGP004006000000000000,Ogu Bolo,NGP004006005000000000,544,48233
NG,Rivers,33,NGP004006000000000000,Ahoada West,NGP004006006000000000,297,119576
NG,Rivers,33,NGP004006000000000000,Oyigbo,NGP004006007000000000,344,85334
NG,Rivers,33,NGP004006000000000000,Omumma,NGP004006008000000000,261,44325
NG,Rivers,33,NGP004006000000000000,Akuku Toru,NGP004006009000000000,71,102169
NG,Rivers,33,NGP004006000000000000,Bonny,NGP004006010000000000,119,76124
NG,Rivers,33,NGP004006000000000000,Abua/Odual,NGP004006011000000000,191,134420
NG,Rivers,33,NGP004006000000000000,Etche,NGP004006012000000000,246,197971
NG,Rivers,33,NGP004006000000000000,Emuoha,NGP004006013000000000,186,154923
NG,Rivers,33,NGP004006000000000000,Opobo/Nkoro,NGP004006014000000000,383,49862
NG,Rivers,33,NGP004006000000000000,Eleme,NGP004006015000000000,371,51228
NG,Rivers,33,NGP004006000000000000,Asari-Toru,NGP004006016000000000,1481,166788
NG,Rivers,33,NGP004006000000000000,Okrika,NGP004006017000000000,690,153118
NG,Rivers,33,NGP004006000000000000,Khana,NGP004006018000000000,370,207095
NG,Rivers,33,NGP004006000000000000,Tai,NGP004006019000000000,498,78945
NG,Rivers,33,NGP004006000000000000,Gokana,NGP004006020000000000,1266,159461
NG,Rivers,33,NGP004006000000000000,Ikwerre,NGP004006021000000000,191,125385
NG,Rivers,33,NGP004006000000000000,Obio/Akpor,NGP004006022000000000,1013,263017
NG,Rivers,33,NGP004006000000000000,Ahoada East,NGP004006023000000000,182,62238
NG,Ekiti,13,NGP005001000000000000,Ido-Osi,NGP005001001000000000,426,98584
NG,Ekiti,13,NGP005001000000000000,Ijero,NGP005001002000000000,244,95365
NG,Ekiti,13,NGP005001000000000000,Ise/Orun,NGP005001003000000000,175,75444
NG,Ekiti,13,NGP005001000000000000,Irepodun/Ifelodun,NGP005001004000000000,310,110259
NG,Ekiti,13,NGP005001000000000000,Ekiti South-West,NGP005001005000000000,406,140183
NG,Ekiti,13,NGP005001000000000000,Ekiti East,NGP005001006000000000,63,67221
NG,Ekiti,13,NGP005001000000000000,Ado-Ekiti,NGP005001007000000000,532,156122
NG,Ekiti,13,NGP005001000000000000,Emure,NGP005001008000000000,216,64970
NG,Ekiti,13,NGP005001000000000000,Ilejemeje,NGP005001009000000000,228,21600
NG,Ekiti,13,NGP005001000000000000,Ekiti West,NGP005001010000000000,393,143903
NG,Ekiti,13,NGP005001000000000000,Gbonyin,NGP005001011000000000,168,65608
NG,Ekiti,13,NGP005001000000000000,Efon,NGP005001012000000000,325,75479
NG,Ekiti,13,NGP005001000000000000,Oye,NGP005001013000000000,227,115244
NG,Ekiti,13,NGP005001000000000000,Ikole,NGP005001014000000000,374,119796
NG,Ekiti,13,NGP005001000000000000,Ikere,NGP005001015000000000,223,58612
NG,Ekiti,13,NGP005001000000000000,Moba,NGP005001016000000000,639,127400
NG,Ondo,29,NGP005002000000000000,Akure South,NGP005002001000000000,764,253365
NG,Ondo,29,NGP005002000000000000,Ondo East,NGP005002002000000000,593,209736
NG,Ondo,29,NGP005002000000000000,Ose,NGP005002003000000000,64,93033
NG,Ondo,29,NGP005002000000000000,Akoko North East,NGP005002004000000000,279,103841
NG,Ondo,29,NGP005002000000000000,Ese Odo,NGP005002005000000000,123,93954
NG,Ondo,29,NGP005002000000000000,Akoko South West,NGP005002006000000000,230,121764
NG,Ondo,29,NGP005002000000000000,Akoko South East,NGP005002007000000000,241,54417
NG,Ondo,29,NGP005002000000000000,Idanre,NGP005002008000000000,45,85776
NG,Ondo,29,NGP005002000000000000,Akoko North West,NGP005002009000000000,233,119278
NG,Ondo,29,NGP005002000000000000,Ifedore,NGP005002010000000000,348,102617
NG,Ondo,29,NGP005002000000000000,Ilaje,NGP005002011000000000,146,193059
NG,Ondo,29,NGP005002000000000000,Ile Oluji/Okeigbo,NGP005002012000000000,166,116094
NG,Ondo,29,NGP005002000000000000,Odigbo,NGP005002013000000000,85,154775
NG,Ondo,29,NGP005002000000000000,Okitipupa,NGP005002014000000000,220,176615
NG,Ondo,29,NGP005002000000000000,Ondo West,NGP005002015000000000,44,42561
NG,Ondo,29,NGP005002000000000000,Irele,NGP005002016000000000,104,100127
NG,Ondo,29,NGP005002000000000000,Owo,NGP005002017000000000,153,157181
NG,Ondo,29,NGP005002000000000000,Akure North,NGP005002018000000000,108,71293
NG,Ogun,28,NGP005003000000000000,Ifo,NGP005003001000000000,316,164486
NG,Ogun,28,NGP005003000000000000,Ijebu East,NGP005003002000000000,27,61120
NG,Ogun,28,NGP005003000000000000,Ijebu North,NGP005003003000000000,153,148342
NG,Ogun,28,NGP005003000000000000,Ikenne,NGP005003004000000000,777,111735
NG,Ogun,28,NGP005003000000000000,Ijebu ode,NGP005003005000000000,108,20608
NG,Ogun,28,NGP005003000000000000,Ijebu North East,NGP005003006000000000,262,30910
NG,Ogun,28,NGP005003000000000000,Imeko Afon,NGP005003007000000000,35,57957
NG,Ogun,28,NGP005003000000000000,Shagamu,NGP005003008000000000,254,155726
NG,Ogun,28,NGP005003000000000000,Ipokia,NGP005003009000000000,219,137737
NG,Ogun,28,NGP005003000000000000,Obafemi Owode,NGP005003010000000000,96,135774
NG,Ogun,28,NGP005003000000000000,Ogun waterside,NGP005003011000000000,62,61919
NG,Ogun,28,NGP005003000000000000,Ado Odo/Ota,NGP005003012000000000,107,93968
NG,Ogun,28,NGP005003000000000000,Odeda,NGP005003013000000000,56,86950
NG,Ogun,28,NGP005003000000000000,Abeokuta North,NGP005003014000000000,116,93966
NG,Ogun,28,NGP005003000000000000,Ewekoro,NGP005003015000000000,85,50569
NG,Ogun,28,NGP005003000000000000,Odogbolu,NGP005003016000000000,305,164992
NG,Ogun,28,NGP005003000000000000,Abeokuta South,NGP005003017000000000,3964,282928
NG,Ogun,28,NGP005003000000000000,Egbado North,NGP005003018000000000,82,171013
NG,Ogun,28,NGP005003000000000000,Remo North,NGP005003019000000000,151,30177
NG,Ogun,28,NGP005003000000000000,Egbado South,NGP005003020000000000,210,132170
NG,Lagos,25,NGP005004000000000000,Ikorodu,NGP005004001000000000,469,184674
NG,Lagos,25,NGP005004000000000000,Agege,NGP005004002000000000,37324,417981
NG,Lagos,25,NGP005004000000000000,Oshodi/Isolo,NGP005004003000000000,10049,449781
NG,Lagos,25,NGP005004000000000000,Ibeju-Lekki,NGP005004004000000000,55,24937
NG,Lagos,25,NGP005004000000000000,Mushin,NGP005004005000000000,30880,539783
NG,Lagos,25,NGP005004000000000000,Ojo,NGP005004006000000000,1352,213837
NG,Lagos,25,NGP005004000000000000,Apapa,NGP005004007000000000,5794,154477
NG,Lagos,25,NGP005004000000000000,Eti-Osa,NGP005004008000000000,818,157387
NG,Lagos,25,NGP005004000000000000,Kosofe,NGP005004009000000000,5066,412407
NG,Lagos,25,NGP005004000000000000,Ikeja,NGP005004010000000000,4406,203383
NG,Lagos,25,NGP005004000000000000,Amuwo Odofin,NGP005004011000000000,1678,225823
NG,Lagos,25,NGP005004000000000000,Alimosho,NGP005004012000000000,2327,430890
NG,Lagos,25,NGP005004000000000000,Lagos Island,NGP005004013000000000,19166,165996
NG,Lagos,25,NGP005004000000000000,Lagos Mainland,NGP005004014000000000,14029,273079
NG,Lagos,25,NGP005004000000000000,Ifako/Ijaye,NGP005004015000000000,12340,328397
NG,Lagos,25,NGP005004000000000000,Epe,NGP005004016000000000,94,111464
NG,Lagos,25,NGP005004000000000000,Badagry,NGP005004017000000000,270,119267
NG,Lagos,25,NGP005004000000000000,Surulere,NGP005004018000000000,20098,462261
NG,Lagos,25,NGP005004000000000000,Shomolu,NGP005004019000000000,31062,358787
NG,Lagos,25,NGP005004000000000000,Ajeromi/Ifelodun,NGP005004020000000000,48132,593561
NG,Osun,30,NGP005005000000000000,Ife South,NGP005005001000000000,121,88170
NG,Osun,30,NGP005005000000000000,Ife Central,NGP005005002000000000,871,96580
NG,Osun,30,NGP005005000000000000,Ifedayo,NGP005005003000000000,192,24671
NG,Osun,30,NGP005005000000000000,Aiyedade,NGP005005004000000000,85,94777
NG,Osun,30,NGP005005000000000000,Egbedore,NGP005005005000000000,149,40293
NG,Osun,30,NGP005005000000000000,Aiyedire,NGP005005006000000000,159,41636
NG,Osun,30,NGP005005000000000000,Ede South,NGP005005007000000000,334,72975
NG,Osun,30,NGP005005000000000000,Ifelodun,NGP005005008000000000,669,76565
NG,Osun,30,NGP005005000000000000,Boripe,NGP005005009000000000,624,82387
NG,Osun,30,NGP005005000000000000,Ife North,NGP005005010000000000,144,127677
NG,Osun,30,NGP005005000000000000,Boluwaduro,NGP005005011000000000,295,42392
NG,Osun,30,NGP005005000000000000,Ife East,NGP005005012000000000,558,95857
NG,Osun,30,NGP005005000000000000,Odo Otin,NGP005005013000000000,280,82314
NG,Osun,30,NGP005005000000000000,Irewole,NGP005005014000000000,212,57445
NG,Osun,30,NGP005005000000000000,Obokun,NGP005005015000000000,116,61218
NG,Osun,30,NGP005005000000000000,Isokan,NGP005005016000000000,167,29944
NG,Osun,30,NGP005005000000000000,Irepodun,NGP005005017000000000,2390,153457
NG,Osun,30,NGP005005000000000000,Ilesha West,NGP005005018000000000,971,60974
NG,Osun,30,NGP005005000000000000,Ola oluwa,NGP005005019000000000,120,39454
NG,Osun,30,NGP005005000000000000,Atakunmosa West,NGP005005020000000000,104,60037
NG,Osun,30,NGP005005000000000000,Oriade,NGP005005021000000000,174,80833
NG,Osun,30,NGP005005000000000000,Olorunda,NGP005005022000000000,862,83347
NG,Osun,30,NGP005005000000000000,Ejigbo,NGP005005023000000000,186,69366
NG,Osun,30,NGP005005000000000000,Orolu,NGP005005024000000000,257,20438
NG,Osun,30,NGP005005000000000000,Atakunmosa East,NGP005005025000000000,160,38105
NG,Osun,30,NGP005005000000000000,Ilesha East,NGP005005026000000000,1112,78471
NG,Osun,30,NGP005005000000000000,Ila,NGP005005027000000000,167,50585
NG,Osun,30,NGP005005000000000000,Iwo,NGP005005028000000000,491,105401
NG,Osun,30,NGP005005000000000000,Osogbo,NGP005005029000000000,2285,106386
NG,Osun,30,NGP005005000000000000,Ede North,NGP005005030000000000,626,69388
NG,Oyo,31,NGP005006000000000000,Ogo Oluwa,NGP005006001000000000,98,36188
NG,Oyo,31,NGP005006000000000000,Ibadan South East,NGP005006002000000000,13397,225800
NG,Oyo,31,NGP005006000000000000,Ibarapa East,NGP005006003000000000,79,65897
NG,Oyo,31,NGP005006000000000000,Ibadan North West,NGP005006004000000000,5700,147918
NG,Oyo,31,NGP005006000000000000,Ibadan South West,NGP005006005000000000,6870,277047
NG,Oyo,31,NGP005006000000000000,Afijio,NGP005006006000000000,115,82792
NG,Oyo,31,NGP005006000000000000,Ibadan North East,NGP005006007000000000,15412,275627
NG,Oyo,31,NGP005006000000000000,Ibarapa North,NGP005006008000000000,35,42558
NG,Oyo,31,NGP005006000000000000,Iseyin,NGP005006009000000000,88,118667
NG,Oyo,31,NGP005006000000000000,Itesiwaju,NGP005006010000000000,35,52269
NG,Oyo,31,NGP005006000000000000,Ido,NGP005006011000000000,54,53582
NG,Oyo,31,NGP005006000000000000,Ibadan North,NGP005006012000000000,11087,302271
NG,Oyo,31,NGP005006000000000000,Iwajowa,NGP005006013000000000,22,56254
NG,Oyo,31,NGP005006000000000000,Ona ara,NGP005006014000000000,425,123048
NG,Oyo,31,NGP005006000000000000,Lagelu,NGP005006015000000000,204,68901
NG,Oyo,31,NGP005006000000000000,Orelope,NGP005006016000000000,75,68566
NG,Oyo,31,NGP005006000000000000,Ori Ire,NGP005006017000000000,49,103611
NG,Oyo,31,NGP005006000000000000,Atiba,NGP005006018000000000,9,16643
NG,Oyo,31,NGP005006000000000000,Ibarapa Central,NGP005006019000000000,135,59197
NG,Oyo,31,NGP005006000000000000,Oluyole,NGP005006020000000000,146,91527
NG,Oyo,31,NGP005006000000000000,Oyo East,NGP005006021000000000,1147,165068
NG,Oyo,31,NGP005006000000000000,Oyo West,NGP005006022000000000,151,79187
NG,Oyo,31,NGP005006000000000000,Kajola,NGP005006023000000000,184,112006
NG,Oyo,31,NGP005006000000000000,Saki East,NGP005006024000000000,33,51326
NG,Oyo,31,NGP005006000000000000,Egbeda,NGP005006025000000000,679,129461
NG,Oyo,31,NGP005006000000000000,Saki West,NGP005006026000000000,54,109437
NG,Oyo,31,NGP005006000000000000,Irepo,NGP005006027000000000,67,65541
NG,Oyo,31,NGP005006000000000000,Surulere,NGP005006028000000000,75,64097
NG,Oyo,31,NGP005006000000000000,Akinyele,NGP005006029000000000,270,140118
NG,Oyo,31,NGP005006000000000000,Atisbo,NGP005006030000000000,20,58565
NG,Oyo,31,NGP005006000000000000,Olorunsogo,NGP005006031000000000,37,39298
NG,Oyo,31,NGP005006000000000000,Ogbomosho South,NGP005006032000000000,966,65958
NG,Oyo,31,NGP005006000000000000,Ogbomosho North,NGP005006033000000000,565,104295
NG,Niger,27,NGP006001000000000000,Suleja,NGP006001001000000000,1016,120839
NG,Niger,27,NGP006001000000000000,Tafa,NGP006001002000000000,137,30461
NG,Niger,27,NGP006001000000000000,Gurara,NGP006001003000000000,51,48903
NG,Niger,27,NGP006001000000000000,Kontagora,NGP006001004000000000,66,138080
NG,Niger,27,NGP006001000000000000,Paikoro,NGP006001005000000000,53,109356
NG,Niger,27,NGP006001000000000000,Gbako,NGP006001006000000000,51,88768
NG,Niger,27,NGP006001000000000000,Agaie,NGP006001007000000000,42,79955
NG,Niger,27,NGP006001000000000000,Shiroro,NGP006001008000000000,31,155960
NG,Niger,27,NGP006001000000000000,Rijau,NGP006001009000000000,38,122050
NG,Niger,27,NGP006001000000000000,Bosso,NGP006001010000000000,54,86273
NG,Niger,27,NGP006001000000000000,Wushishi,NGP006001011000000000,29,54037
NG,Niger,27,NGP006001000000000000,Borgu,NGP006001012000000000,10,110336
NG,Niger,27,NGP006001000000000000,Chanchaga,NGP006001013000000000,1989,143896
NG,Niger,27,NGP006001000000000000,Mariga,NGP006001014000000000,19,105612
NG,Niger,27,NGP006001000000000000,Rafi,NGP006001015000000000,32,116948
NG,Niger,27,NGP006001000000000000,Lavun,NGP006001016000000000,46,130445
NG,Niger,27,NGP006001000000000000,Lapai,NGP006001017000000000,24,73647
NG,Niger,27,NGP006001000000000000,Mashegu,NGP006001018000000000,15,139885
NG,Niger,27,NGP006001000000000000,Agwara,NGP006001019000000000,26,39276
NG,Niger,27,NGP006001000000000000,Munya,NGP006001020000000000,20,44369
NG,Niger,27,NGP006001000000000000,Katcha,NGP006001021000000000,42,70827
NG,Niger,27,NGP006001000000000000,Magama,NGP006001022000000000,32,129749
NG,Niger,27,NGP006001000000000000,Mokwa,NGP006001023000000000,31,135215
NG,Niger,27,NGP006001000000000000,Bida,NGP006001024000000000,2000,102071
NG,Niger,27,NGP006001000000000000,Edati,NGP006001025000000000,26,44983
NG,Nasarawa,26,NGP006002000000000000,Lafia,NGP006002001000000000,87,240656
NG,Nasarawa,26,NGP006002000000000000,Awe,NGP006002002000000000,30,76796
NG,Nasarawa,26,NGP006002000000000000,Akwanga,NGP006002003000000000,67,66751
NG,Nasarawa,26,NGP006002000000000000,Obi,NGP006002004000000000,104,101074
NG,Nasarawa,26,NGP006002000000000000,Nasarawa,NGP006002005000000000,22,127843
NG,Nasarawa,26,NGP006002000000000000,Nasarawa Egon,NGP006002006000000000,61,73129
NG,Nasarawa,26,NGP006002000000000000,Wamba,NGP006002007000000000,34,39206
NG,Nasarawa,26,NGP006002000000000000,Karu,NGP006002008000000000,46,120127
NG,Nasarawa,26,NGP006002000000000000,Doma,NGP006002009000000000,33,90719
NG,Nasarawa,26,NGP006002000000000000,Toto,NGP006002010000000000,31,89596
NG,Nasarawa,26,NGP006002000000000000,Kokona,NGP006002011000000000,40,73093
NG,Nasarawa,26,NGP006002000000000000,Keana,NGP006002012000000000,44,46006
NG,Nasarawa,26,NGP006002000000000000,Keffi,NGP006002013000000000,440,60770
NG,Benue,7,NGP006003000000000000,Ukum,NGP006003001000000000,109,165490
NG,Benue,7,NGP006003000000000000,Guma,NGP006003002000000000,40,116336
NG,Benue,7,NGP006003000000000000,Obi,NGP006003003000000000,162,68648
NG,Benue,7,NGP006003000000000000,Ado,NGP006003004000000000,85,104137
NG,Benue,7,NGP006003000000000000,Ushongo,NGP006003005000000000,100,123166
NG,Benue,7,NGP006003000000000000,Katsina-Ala,NGP006003006000000000,67,161281
NG,Benue,7,NGP006003000000000000,Ohimini,NGP006003007000000000,53,33577
NG,Benue,7,NGP006003000000000000,Apa,NGP006003008000000000,53,52417
NG,Benue,7,NGP006003000000000000,Tarka,NGP006003009000000000,115,42591
NG,Benue,7,NGP006003000000000000,Oju,NGP006003010000000000,80,102877
NG,Benue,7,NGP006003000000000000,Logo,NGP006003011000000000,52,73848
NG,Benue,7,NGP006003000000000000,Kwande,NGP006003012000000000,62,180327
NG,Benue,7,NGP006003000000000000,Ogbadibo,NGP006003013000000000,150,89497
NG,Benue,7,NGP006003000000000000,Vandeikya,NGP006003014000000000,174,161863
NG,Benue,7,NGP006003000000000000,Gwer West,NGP006003015000000000,68,74586
NG,Benue,7,NGP006003000000000000,Bukuru,NGP006003016000000000,104,129790
NG,Benue,7,NGP006003000000000000,Oturkpo,NGP006003017000000000,125,158681
NG,Benue,7,NGP006003000000000000,Agatu,NGP006003018000000000,53,54101
NG,Benue,7,NGP006003000000000000,Gboko,NGP006003019000000000,145,266490
NG,Benue,7,NGP006003000000000000,Okpokwu,NGP006003020000000000,123,90241
NG,Benue,7,NGP006003000000000000,Gwer East,NGP006003021000000000,51,117630
NG,Benue,7,NGP006003000000000000,Markurdi,NGP006003022000000000,293,239889
NG,Benue,7,NGP006003000000000000,Konshisha,NGP006003023000000000,87,145614
NG,Kwara,24,NGP006004000000000000,Ilorin West,NGP006004001000000000,1764,184541
NG,Kwara,24,NGP006004000000000000,Irepodun,NGP006004002000000000,147,108506
NG,Kwara,24,NGP006004000000000000,Ilorin South,NGP006004003000000000,886,154590
NG,Kwara,24,NGP006004000000000000,Oke Ero,NGP006004004000000000,87,38295
NG,Kwara,24,NGP006004000000000000,Pategi,NGP006004005000000000,16,45494
NG,Kwara,24,NGP006004000000000000,Offa,NGP006004006000000000,785,74924
NG,Kwara,24,NGP006004000000000000,Ekiti,NGP006004007000000000,79,38028
NG,Kwara,24,NGP006004000000000000,Kaiama,NGP006004008000000000,6,43165
NG,Kwara,24,NGP006004000000000000,Ifelodun,NGP006004009000000000,45,155551
NG,Kwara,24,NGP006004000000000000,Edu,NGP006004010000000000,37,93241
NG,Kwara,24,NGP006004000000000000,Asa,NGP006004011000000000,61,78722
NG,Kwara,24,NGP006004000000000000,Isin,NGP006004012000000000,67,42536
NG,Kwara,24,NGP006004000000000000,Baruten,NGP006004013000000000,11,110576
NG,Kwara,24,NGP006004000000000000,Moro,NGP006004014000000000,27,86939
NG,Kwara,24,NGP006004000000000000,Ilorin East,NGP006004015000000000,488,237298
NG,Kwara,24,NGP006004000000000000,Oyun,NGP006004016000000000,232,110576
NG,Kogi,23,NGP006005000000000000,Ogori/Magongo,NGP006005001000000000,431,34243
NG,Kogi,23,NGP006005000000000000,Idah,NGP006005002000000000,1561,55959
NG,Kogi,23,NGP006005000000000000,Ankpa,NGP006005003000000000,155,185458
NG,Kogi,23,NGP006005000000000000,Ijumu,NGP006005004000000000,51,66603
NG,Kogi,23,NGP006005000000000000,Bassa,NGP006005005000000000,46,88496
NG,Kogi,23,NGP006005000000000000,Kabba/Bunu,NGP006005006000000000,29,79584
NG,Kogi,23,NGP006005000000000000,Dekina,NGP006005007000000000,72,177513
NG,Kogi,23,NGP006005000000000000,Igalamela-Odolu,NGP006005008000000000,38,83494
NG,Kogi,23,NGP006005000000000000,Lokoja,NGP006005009000000000,26,82483
NG,Kogi,23,NGP006005000000000000,Ibaji,NGP006005010000000000,62,85239
NG,Kogi,23,NGP006005000000000000,Kogi,NGP006005011000000000,34,50479
NG,Kogi,23,NGP006005000000000000,Ajaokuta,NGP006005012000000000,72,97904
NG,Kogi,23,NGP006005000000000000,Yagba West,NGP006005013000000000,60,76936
NG,Kogi,23,NGP006005000000000000,Yagba East,NGP006005014000000000,49,67864
NG,Kogi,23,NGP006005000000000000,Mopa-Muro,NGP006005015000000000,23,20916
NG,Kogi,23,NGP006005000000000000,Ofu,NGP006005016000000000,64,108095
NG,Kogi,23,NGP006005000000000000,Adavi,NGP006005017000000000,219,157092
NG,Kogi,23,NGP006005000000000000,Omala,NGP006005018000000000,36,60476
NG,Kogi,23,NGP006005000000000000,Okehi,NGP006005019000000000,221,146264
NG,Kogi,23,NGP006005000000000000,Olamaboro,NGP006005020000000000,93,104705
NG,Kogi,23,NGP006005000000000000,Okene,NGP006005021000000000,970,317953
NG,"FCT, Abuja",15,NGP006006000000000000,Kwali,NGP006006001000000000,28,33966
NG,"FCT, Abuja",15,NGP006006000000000000,Bwari,NGP006006002000000000,34,30928
NG,"FCT, Abuja",15,NGP006006000000000000,Abaji,NGP006006003000000000,21,21081
NG,"FCT, Abuja",15,NGP006006000000000000,Kuje,NGP006006004000000000,27,44338
NG,"FCT, Abuja",15,NGP006006000000000000,Gwagwalada,NGP006006005000000000,43,45340
NG,"FCT, Abuja",15,NGP006006000000000000,Municipal Area Council,NGP006006006000000000,114,200872
NG,Plateau,32,NGP006007000000000000,Langtang South,NGP006007001000000000,40,47108
NG,Plateau,32,NGP006007000000000000,Kanke,NGP006007002000000000,71,65398
NG,Plateau,32,NGP006007000000000000,Barkin Ladi,NGP006007003000000000,99,102248
NG,Plateau,32,NGP006007000000000000,Jos East,NGP006007004000000000,55,55884
NG,Plateau,32,NGP006007000000000000,Wase,NGP006007005000000000,20,102491
NG,Plateau,32,NGP006007000000000000,Jos North,NGP006007006000000000,1348,392831
NG,Plateau,32,NGP006007000000000000,Langtang North,NGP006007007000000000,113,94707
NG,Plateau,32,NGP006007000000000000,Jos South,NGP006007008000000000,396,202124
NG,Plateau,32,NGP006007000000000000,Riyom,NGP006007009000000000,70,56308
NG,Plateau,32,NGP006007000000000000,Qua'an Pan,NGP006007010000000000,57,141082
NG,Plateau,32,NGP006007000000000000,Kanam,NGP006007011000000000,44,113500
NG,Plateau,32,NGP006007000000000000,Bokkos,NGP006007012000000000,57,95218
NG,Plateau,32,NGP006007000000000000,Bassa,NGP006007013000000000,71,121652
NG,Plateau,32,NGP006007000000000000,Pankshin,NGP006007014000000000,76,115163
NG,Plateau,32,NGP006007000000000000,Shendam,NGP006007015000000000,72,178738
NG,Plateau,32,NGP006007000000000000,Mangu,NGP006007016000000000,110,181397
NG,Plateau,32,NGP006007000000000000,Mikang,NGP006007017000000000,52,38667
